year,trees,olives,oil,ratio
2011,180.0,758.0,214.0,0.2823218997361477
2012,180.0,718.0,136.0,0.1894150417827298
2015,185.0,282.0,54.5,0.1932624113475177
2017,185.0,368.0,90.0,0.2445652173913043
2019,185.0,230.0,45.0,0.1956521739130435
2021,185.0,120.0,30.0,0.25
2023,130.0,75.8,13.1,0.1728232189973614
2024,130.0,744.0,187.1,0.2514784946236559
2025,130.0,2206.0,331.0,0.1500453309156845
